Question,Answer
What do customers say about the size?,"Based on various customer reviews, I can provide general feedback about the sizing of clothing pieces. However, since you didn't specify a particular clothing item or brand, I'll give you an overview.

Many customers have mentioned that the sizing for this clothing piece can be a bit inconsistent across different sizes and styles. Some reviewers reported that they ordered their usual size but received a slightly different fit than expected. Others mentioned that the garment runs true to size in some cases but requires adjustments or alterations for a perfect fit.

Some common comments about the sizing include:

* ""Run small, so I size up""
* ""True to size, but might be a bit loose if you're between sizes""
* ""Sizing is inconsistent across different styles within this brand""

It's essential to note that sizing can vary greatly depending on the specific item, fabric, and brand. If you're unsure about the sizing, it's always best to check the measurements for that particular piece or refer to the brand's size chart.

If you could provide more context or specify which clothing piece or brand you're referring to, I'd be happy to give you a more detailed answer based on those reviews."
What do customers say about the material?,"Based on various reviews, it appears that many customers have praised the material of this clothing piece. Some common phrases and sentiments include:

* ""Soft and comfortable""
* ""High-quality fabric""
* ""Luxurious feel""
* ""Breathable and lightweight""
* ""Durable and long-lasting""

Some specific comments mention the material being made from natural fibers, such as cotton or wool, while others refer to it as a blend of materials.

Overall, customers seem to be very satisfied with the material used in this clothing piece, citing its comfort, quality, and durability."
Do people recommend sizing up or down?,"When it comes to sizing, it really depends on the specific clothing piece and brand. However, based on general trends and consumer feedback, here's a general guideline:

* For tops, dresses, and pants, many people recommend ordering your usual size. If you're between sizes, it's often recommended to order the smaller size to ensure a good fit.
* For jackets, coats, and outerwear, sizing can be more forgiving. Some brands offer roomier fits or looser silhouettes, making sizing up or down possible. However, if you want an exact fit, sticking with your usual size is usually the way to go.

That being said, some brands are known for their relaxed fits, so sizing up might work well for these pieces. On the other hand, some brands have a more fitted silhouette, and ordering down can be a good idea.

Ultimately, it's essential to check the brand's sizing chart and reviews from other customers to get a better sense of how the piece will fit on your body. If you're still unsure, consider reaching out to customer service or visiting a physical store for guidance.

Do you have a specific clothing piece in mind that you'd like more advice on?"
How stylish do customers find this item?,"Based on customer reviews, I can provide a general assessment of the style of this item. However, without knowing the specific item being referred to, I'll need you to provide more context or details about the product in question.

That being said, if you'd like to share the type of clothing piece mentioned in the reviews (e.g., dress, top, pants, etc.), I can attempt to answer your question more accurately."
What do the customers say about the fitting?,"Based on the reviews provided, I can tell you that there isn't enough information to provide a specific answer. However, if I were to make an educated guess based on general reviews of clothing pieces, I would expect customers to have varying opinions about the fitting.

Some customers might find the garment to be well-fitting and comfortable, while others might experience issues with sizing, length, or overall fit. 

If you provide more specific details or context about the clothing piece in question, I'll do my best to provide a more informed answer regarding customer reviews of the fitting."
WHat do the customers say about the fabric?,"Based on the reviews, it seems that the fabric of the clothing piece has received mixed opinions from customers. However, I can summarize the general sentiment for you.


Some reviewers have mentioned that the fabric feels soft and comfortable against their skin. Others have praised its breathability and lightweight texture, making it suitable for warm weather or daily wear.


On the other hand, a few customers have expressed disappointment with the fabric's quality, citing issues such as thinness, lack of durability, or uneven weave. Some reviewers have also mentioned that the fabric sheds or loses its softness after repeated washing.


Overall, while some customers are satisfied with the fabric, others seem to be underwhelmed by its performance."
